<?xml version="1.0" encoding="UTF-8"?>
<beans xmlns="http://www.springframework.org/schema/beans"
	xmlns:xsi="http://www.w3.org/2001/XMLSchema-instance" xmlns:p="http://www.springframework.org/schema/p"
	xmlns:tx="http://www.springframework.org/schema/tx" xmlns:context="http://www.springframework.org/schema/context"
	xsi:schemaLocation="http://www.springframework.org/schema/beans 
	http://www.springframework.org/schema/beans/spring-beans-4.1.xsd 
	http://www.springframework.org/schema/tx 
	http://www.springframework.org/schema/tx/spring-tx.xsd
	 http://www.springframework.org/schema/context
        http://www.springframework.org/schema/context/spring-context.xsd">

	<!-- 注解的配置 -->
	<context:annotation-config></context:annotation-config>
	<context:component-scan base-package="cn.zlb.dao,cn.zlb.service,cn.zlb.tools">
	</context:component-scan>
	<!-- <bean id="dataSource" class="org.apache.commons.dbcp.BasicDataSource"> 
		jdbc:mysql://localhost:3306/database_name?useUnicode=true&amp;characterEncoding=utf-8 
		<property name="driverClassName" value="com.mysql.jdbc.Driver"></property> 
		<property name="url" value="jdbc:mysql://localhost:3306/dftsms?useUnicode=true&amp;characterEncoding=utf-8"> 
		</property> <property name="username" value="root"></property> <property 
		name="password" value="1234"></property> </bean> -->
	<bean id="dataSource" class="com.mchange.v2.c3p0.ComboPooledDataSource"
		destroy-method="close">

		<property name="driverClass" value="${jdbc.driverClassName}" />
		<property name="jdbcUrl" value="${jdbc.url}" />
		<property name="user" value="${jdbc.username}" />
		<property name="password" value="${jdbc.password}" />
		<!-- 初始化建立的连接数 -->
		<property name="initialPoolSize" value="10" />
		<!-- 最大空闲时间，120秒内未被使用的连接将被丢弃 -->
		<property name="maxIdleTime" value="120" />
		<!-- 当连接池耗尽，且未达到最大连接数时，一次获取的连接数 -->
		<property name="acquireIncrement" value="2" />
		<!-- 空闲检查时间间隔， 每隔120秒检查连接池里的空闲连接 ，单位是秒 -->
		<property name="idleConnectionTestPeriod" value="60" />

	</bean>

	<context:property-placeholder location="classpath:jdbc.properties" />


	<bean id="sessionFactory"
		class="org.springframework.orm.hibernate4.LocalSessionFactoryBean">
		<property name="dataSource">
			<ref bean="dataSource" />
		</property>
		<property name="hibernateProperties">
			<props>
				<prop key="hibernate.dialect">
					org.hibernate.dialect.MySQLDialect
				</prop>
				<prop key="hibernate.show_sql">true</prop>
				<prop key="hibernate.format_sql">true</prop>
				<!-- <prop key="hibernate.autoReconnect">true</prop> -->
			</props>
		</property>
		<property name="mappingResources">
			<list>
				<value>cn/zlb/entity/TAccountModify.hbm.xml</value>
				<value>cn/zlb/entity/TCheap.hbm.xml</value>
				<value>cn/zlb/entity/TCustomer.hbm.xml</value>
				<value>cn/zlb/entity/TBusiness.hbm.xml</value>
				<value>cn/zlb/entity/TLogininfo.hbm.xml</value>

				<value>cn/zlb/entity/TComment.hbm.xml</value>
				<value>cn/zlb/entity/TGoods.hbm.xml</value>
				<value>cn/zlb/entity/TOrder.hbm.xml</value>
				<value>cn/zlb/entity/TRole.hbm.xml</value>
				<value>cn/zlb/entity/TStore.hbm.xml</value>
				<value>cn/zlb/entity/TPictures.hbm.xml</value>
				<value>cn/zlb/entity/TPower.hbm.xml</value>

				<value>cn/zlb/entity/TStoreCategory.hbm.xml</value>
				<value>cn/zlb/entity/TCart.hbm.xml</value>
				<value>cn/zlb/entity/TItemorder.hbm.xml</value>
				<value>cn/zlb/entity/TAddress.hbm.xml</value>
			</list>
		</property>
	</bean>
	<bean id="transactionManager"
		class="org.springframework.orm.hibernate4.HibernateTransactionManager">
		<property name="sessionFactory" ref="sessionFactory" />
	</bean>
	<tx:annotation-driven transaction-manager="transactionManager" />
</beans>