<!DOCTYPE struts PUBLIC
  "-//Apache Software Foundation//DTD Struts Configuration 2.0//EN"
  "http://struts.apache.org/dtds/struts-2.0.dtd">
<struts>
	 
    <package name="businessDemo" namespace="/business" extends="struts-default">
    	<action name="business_*" class="cn.zlb.action.BusinessActionDemo" method="business{1}">
    		<result name="success">success.jsp</result>
    		 
    	</action>
    	
    </package>
    <!-- json package -->
     <package name="json" namespace="/" extends="struts-default,json-default">
    	<action name="business_*" class="cn.zlb.action.BusinessActionDemo" method="business{1}">
    		<result name="failed">/business/success.jsp</result>
    		<result type="json">
    				<!-- parm 是在action中定义的 成员变量，必须有getter或setter方法 -->
    				  <param name="root">jsonResult</param>  
    		</result>
    		 
    	</action>
    	
    </package>
    
    <package name="business" namespace="/bus" extends="struts-default,json-default">
    	<action name="business_*" class="cn.zlb.action.BusinessAction" method="business{1}">
    			<result name="success">success.jsp</result>
    			<result name="busResult" type="json">
    				<param name="root">busInfo</param>
    		    </result>
    		    <result name="busFailedResult" type="json">
    				<param name="root">busFailed</param>
    		    </result>
    	</action>
    </package>
</struts>