<?xml version="1.0" encoding="UTF-8"?>
<!-- 指定Spring配置文件的Schema信息 -->
<beans xmlns="http://www.springframework.org/schema/beans"
	xmlns:xsi="http://www.w3.org/2001/XMLSchema-instance" xmlns:p="http://www.springframework.org/schema/p"
	xmlns:aop="http://www.springframework.org/schema/aop" xmlns:tx="http://www.springframework.org/schema/tx"
	xsi:schemaLocation="http://www.springframework.org/schema/beans
	http://www.springframework.org/schema/beans/spring-beans-4.0.xsd
	http://www.springframework.org/schema/tx 
	http://www.springframework.org/schema/tx/spring-tx-4.0.xsd
	http://www.springframework.org/schema/aop 
	http://www.springframework.org/schema/aop/spring-aop-4.0.xsd">
	<!-- RBAC中的DAO配置 -->
	<bean id="accountDao" class="org.common.RBAC.dao.impl.AccountDaoImpl"
		parent="daoTemplate" />
	<bean id="accountModifyDao" class="org.common.RBAC.dao.impl.AccountModifyDaoImpl"
		parent="daoTemplate" />
	<bean id="LoginInfoDao" class="org.common.RBAC.dao.impl.LoginInfoDaoImpl"
		parent="daoTemplate" />
	<bean id="LoginInfoStatus" class="org.common.RBAC.dao.impl.LoginInfoStatusDaoImpl"
		parent="daoTemplate" />
	<bean id="PicturesDao" class="org.common.RBAC.dao.impl.PicturesDaoImpl"
		parent="daoTemplate" />
	<bean id="PowerDao" class="org.common.RBAC.dao.impl.PowerDaoImpl"
		parent="daoTemplate" />
	<bean id="roleDao" class="org.common.RBAC.dao.impl.RoleDaoImpl"
		parent="daoTemplate" />
	<!-- FDBK中的DAO配置 -->
	<bean id="addressDao_1" class="org.common.FDBK.dao.impl.AddressDaoImpl"
		parent="daoTemplate" />
	<bean id="indexDataDao" class="org.common.FDBK.dao.impl.IndexDataDaoImpl"
		parent="daoTemplate" />
	<bean id="commentDao_1" class="org.common.FDBK.dao.impl.CommentDaoImpl"
		parent="daoTemplate" />
	<bean id="collectionDao_1" class="org.common.FDBK.dao.impl.CollectionDaoImpl" parent="daoTemplate"/>
	<!-- 配置返回值工具类 -->
	<bean id="resultUtil" class="org.common.util.ResultUtil" />
	<!-- 配置业务逻辑处理代码 -->
	<bean id="accountManage" class="org.common.RBAC.service.impl.AccountManagerImpl"
		p:accountDao-ref="accountDao" p:resultUtil-ref="resultUtil" />
	<bean name="infoManage" class="org.common.FDBK.service.impl.InfoManageImpl"
		p:indexDataDao-ref="indexDataDao" p:commentDao-ref="commentDao_1" p:collectionDao-ref="collectionDao_1"/>


	<!-- 配置Hibernate的局部事务管理器，使用HibernateTransactionManager类 并注入SessionFactory的引用 -->
	<bean id="transactionManager_1"
		class="org.springframework.orm.hibernate5.HibernateTransactionManager"
		p:sessionFactory-ref="sessionFactory_1" />
	<!-- 配置事务增强处理Bean,指定事务管理器 -->
	<tx:advice id="txAdvice" transaction-manager="transactionManager_1">
		<!-- 用于配置详细的事务语义 -->
		<tx:attributes>
			<!-- 所有以'get'开头的方法是read-only的 -->
			<tx:method name="get*" read-only="true" />
			<!-- 其他方法使用默认的事务设置 -->
			<tx:method name="*" />
		</tx:attributes>
	</tx:advice>
	<aop:config>
		<!-- 配置一个切入点，匹配empManager和mgrManager 两个Bean的所有方法的执行 -->
		<aop:pointcut id="leePointcut" expression="bean(accountManage) or bean(infoManage)" />
		<!-- 指定在leePointcut切入点应用txAdvice事务增强处理 -->
		<aop:advisor advice-ref="txAdvice" pointcut-ref="leePointcut" />
	</aop:config>

</beans>