<?xml version="1.0" encoding="utf-8"?>
<!DOCTYPE hibernate-mapping PUBLIC "-//Hibernate/Hibernate Mapping DTD 3.0//EN"
"http://www.hibernate.org/dtd/hibernate-mapping-3.0.dtd">
<!-- 
    Mapping file autogenerated by MyEclipse Persistence Tools
-->
<hibernate-mapping>
    <class name="cn.zlb.entity.TAccountModify" table="t_account_modify" catalog="dftsms" lazy="false">
        <id name="modId" type="java.lang.String">
            <column name="mod_id" length="32" />
           
        </id>
        <property name="modName" type="java.lang.String">
            <column name="mod_name" length="20" />
        </property>
        <property name="modPhone" type="java.lang.String">
            <column name="mod_phone" length="11" />
        </property>
        <property name="modEmail" type="java.lang.String">
            <column name="mod_email" length="40" />
        </property>
        <property name="modRegTime" type="java.sql.Timestamp">
            <column name="mod_reg_time" length="19" />
        </property>
        <property name="modRole" type="java.lang.String">
            <column name="mod_role" length="32" />
        </property>
        <property name="modTime" type="java.sql.Timestamp">
            <column name="mod_time" length="19" />
        </property>
        <property name="modIp" type="java.lang.String">
            <column name="mod_ip" length="15" />
        </property>
        <property name="modDevice" type="java.lang.Boolean">
            <column name="`mod_ device`" />
        </property>
    </class>
</hibernate-mapping>
