<?xml version="1.0" encoding="utf-8"?>
<!DOCTYPE hibernate-mapping PUBLIC "-//Hibernate/Hibernate Mapping DTD 3.0//EN"
"http://www.hibernate.org/dtd/hibernate-mapping-3.0.dtd">
<!-- 
    Mapping file autogenerated by MyEclipse Persistence Tools
-->
<hibernate-mapping>
    <class name="cn.zlb.entity.TAddress" table="t_address" catalog="dftsms" lazy="false">
        <id name="pkAddId" type="java.lang.String">
            <column name="pk_add_id" length="32" />
           <!--  <generator class="uuid.string" /> -->
        </id>
        
        <one-to-one name="TStore" class="cn.zlb.entity.TStore" property-ref="TAddress"></one-to-one>
        <property name="fkAddArea" type="java.lang.String">
            <column name="fk_add_area" length="6" />
        </property>
        <property name="addConcrete" type="java.lang.String">
            <column name="add_concrete" length="66" />
        </property>
        <property name="addX" type="java.lang.String">
            <column name="add_X" length="66" />
        </property>
        <property name="addY" type="java.lang.String">
            <column name="add_Y" length="66" />
        </property>
    </class>
</hibernate-mapping>
