<?xml version="1.0" encoding="utf-8"?>
<!DOCTYPE hibernate-mapping PUBLIC "-//Hibernate/Hibernate Mapping DTD 3.0//EN"
"http://www.hibernate.org/dtd/hibernate-mapping-3.0.dtd">
<!-- 
    Mapping file autogenerated by MyEclipse Persistence Tools
-->
<hibernate-mapping>
    <class name="cn.zlb.entity.TBusiness" table="t_business" catalog="dftsms" lazy="false">
        <id name="pkBusId" type="java.lang.String">
            <column name="pk_bus_id" length="32" />
           <!--  <generator class="uuid.string" /> -->
        </id>
        <!-- one to one -->
        <one-to-one name="TStore" class="cn.zlb.entity.TStore"  cascade="save-update"></one-to-one>
        
     <!--    <many-to-one name="TPictures" class="cn.zlb.entity.TPictures" fetch="join" unique="true">
            <column name="fk_picture"  />
        </many-to-one> -->
          <many-to-one name="TPictures" 
        column="fk_picture" 
        unique="true"
        />
        <property name="busName" type="java.lang.String">
            <column name="bus_name" length="20" not-null="true" />
        </property>
        <property name="busPass" type="java.lang.String">
            <column name="bus_pass" length="100" not-null="true" />
        </property>
        <property name="busEmail" type="java.lang.String">
            <column name="bus_email" length="40" />
        </property>
        <property name="busPhone" type="java.lang.String">
            <column name="bus_phone" length="11" not-null="true" />
        </property>
        <property name="busIdentity" type="java.lang.String">
            <column name="bus_identity" length="18" not-null="true" />
        </property>
        <property name="busTime" type="java.sql.Timestamp">
            <column name="bus_time" length="19" not-null="true" />
        </property>
        <property name="busStatus" type="java.lang.Boolean">
            <column name="bus_status" not-null="true" />
        </property>
        
    </class>
</hibernate-mapping>
