<?xml version="1.0" encoding="utf-8"?>
<!DOCTYPE hibernate-mapping PUBLIC "-//Hibernate/Hibernate Mapping DTD 3.0//EN"
"http://www.hibernate.org/dtd/hibernate-mapping-3.0.dtd">
<!-- 
    Mapping file autogenerated by MyEclipse Persistence Tools
-->
<hibernate-mapping>
    <class name="cn.zlb.entity.TCart" table="t_cart" catalog="dftsms" lazy="false">
        <id name="pkCarId" type="java.lang.String">
            <column name="pk_car_id" length="32" />
            <!-- <generator class="uuid.string" /> -->
        </id>
        <many-to-one name="TGoods" class="cn.zlb.entity.TGoods" fetch="select">
            <column name="fk_goods" length="32" />
        </many-to-one>
        <many-to-one name="TCustomer" class="cn.zlb.entity.TCustomer" fetch="select">
            <column name="fk_customer" length="32" />
        </many-to-one>
        <property name="carQuantity" type="java.lang.Integer">
            <column name="car_quantity" />
        </property>
    </class>
</hibernate-mapping>
