<?xml version="1.0" encoding="utf-8"?>
<!DOCTYPE hibernate-mapping PUBLIC "-//Hibernate/Hibernate Mapping DTD 3.0//EN"
"http://www.hibernate.org/dtd/hibernate-mapping-3.0.dtd">
<!-- 
    Mapping file autogenerated by MyEclipse Persistence Tools
-->
<hibernate-mapping>
    <class name="cn.zlb.entity.TCheap" table="t_cheap" catalog="dftsms" lazy="false">
        <id name="pkCheId" type="java.lang.String">
            <column name="pk_che_id" length="32" />
            <!-- <generator class="uuid.string" /> -->
        </id>
        <many-to-one name="TStore" class="cn.zlb.entity.TStore" fetch="select">
            <column name="fk_store" length="32" />
        </many-to-one>
        <property name="cheNam" type="java.lang.String">
            <column name="che_nam" length="20" />
        </property>
    </class>
</hibernate-mapping>
