<?xml version="1.0" encoding="utf-8"?>
<!DOCTYPE hibernate-mapping PUBLIC "-//Hibernate/Hibernate Mapping DTD 3.0//EN"
"http://www.hibernate.org/dtd/hibernate-mapping-3.0.dtd">
<!-- 
    Mapping file autogenerated by MyEclipse Persistence Tools
-->
<hibernate-mapping>
    <class name="cn.zlb.entity.TComment" table="t_comment" catalog="dftsms" lazy="false">
        <id name="pkComId" type="java.lang.String">
            <column name="pk_com_id" length="32" />
           <!--  <generator class="uuid.string" /> -->
        </id>
        <many-to-one name="TStore" class="cn.zlb.entity.TStore" fetch="select">
            <column name="fk_store" length="32" />
        </many-to-one>
        <many-to-one name="TCustomer" class="cn.zlb.entity.TCustomer" fetch="select">
            <column name="fk_customer" length="32" />
        </many-to-one>
        <property name="comLevel" type="java.lang.Integer">
            <column name="com_level" />
        </property>
        <property name="comContent" type="java.lang.String">
            <column name="com_content" length="100" />
        </property>
        <property name="comTime" type="java.sql.Timestamp">
            <column name="com_time"   />
        </property>
    </class>
</hibernate-mapping>
