<?xml version="1.0" encoding="utf-8"?>
<!DOCTYPE hibernate-mapping PUBLIC "-//Hibernate/Hibernate Mapping DTD 3.0//EN"
"http://www.hibernate.org/dtd/hibernate-mapping-3.0.dtd">
<!-- 
    Mapping file autogenerated by MyEclipse Persistence Tools
-->
<hibernate-mapping>
    <class name="cn.zlb.entity.TCustomer" table="t_customer" catalog="dftsms" lazy="false">
        <id name="pkCusId" type="java.lang.String">
            <column name="pk_cus_id" length="32" />
           <!--  <generator class="uuid.string" /> -->
        </id>
        <many-to-one name="TPictures" class="cn.zlb.entity.TPictures" fetch="select">
            <column name="fk_picture" length="32" not-null="true" />
        </many-to-one>
        <property name="cusName" type="byte[]">
            <column name="cus_name" not-null="true" />
        </property>
        <property name="cusPass" type="java.lang.String">
            <column name="cus_pass" length="100" not-null="true" />
        </property>
        <property name="cusSex" type="java.lang.Short">
            <column name="cus_sex" not-null="true" />
        </property>
        <property name="cusEmail" type="java.lang.String">
            <column name="cus_email" length="40" not-null="true" />
        </property>
        <property name="cusPhone" type="java.lang.String">
            <column name="cus_phone" length="11" not-null="true" />
        </property>
        <property name="cusTime" type="java.sql.Timestamp">
            <column name="cus_time" length="19" not-null="true" />
        </property>
        <property name="cusStatus" type="java.lang.Short">
            <column name="cus_status" not-null="true" />
        </property>
        <set name="TComments" inverse="true">
            <key>
                <column name="fk_customer" length="32" />
            </key>
            <one-to-many class="cn.zlb.entity.TComment" />
        </set>
        <set name="TLogininfos" inverse="true">
            <key>
                <column name="cus_id" length="32" />
            </key>
            <one-to-many class="cn.zlb.entity.TLogininfo" />
        </set>
        <set name="TOrders" inverse="true">
            <key>
                <column name="fk_customer" length="32" />
            </key>
            <one-to-many class="cn.zlb.entity.TOrder" />
        </set>
        <set name="TRoles" inverse="true" table="t_customer_role" catalog="dftsms">
            <key>
                <column name="fk_customer" length="32" />
            </key>
            <many-to-many entity-name="cn.zlb.entity.TRole">
                <column name="fk_role" length="32" />
            </many-to-many>
        </set>
        <set name="TCarts" inverse="true">
            <key>
                <column name="fk_customer" length="32" />
            </key>
            <one-to-many class="cn.zlb.entity.TCart" />
        </set>
    </class>
</hibernate-mapping>
