<?xml version="1.0" encoding="utf-8"?>
<!DOCTYPE hibernate-mapping PUBLIC "-//Hibernate/Hibernate Mapping DTD 3.0//EN"
"http://www.hibernate.org/dtd/hibernate-mapping-3.0.dtd">
<!-- 
    Mapping file autogenerated by MyEclipse Persistence Tools
-->
<hibernate-mapping>
    <class name="cn.zlb.entity.TGoods" table="t_goods" catalog="dftsms" lazy="false">
        <id name="pkGooId" type="java.lang.String">
            <column name="pk_goo_id" length="32" />
           <!--  <generator class="uuid.string" /> -->
        </id>
        <!--  目录 多对一-->
        <many-to-one name="TStoreCategory" class="cn.zlb.entity.TStoreCategory" fetch="select" >
            <column name="fk_store_category" length="32" />
        </many-to-one>
        <!--所属商家多对一-->
        <many-to-one name="TStore" class="cn.zlb.entity.TStore" fetch="select" unique="true">
            <column name="fk_store" length="32" />
        </many-to-one>
        <!-- one to one unidirectional  -->
        <many-to-one name="TPicturesByFkPictureBig" class="cn.zlb.entity.TPictures" fetch="select" unique="true">
            <column name="fk_picture_big" length="32" />
        </many-to-one>
        <many-to-one name="TPicturesByFkPictureSmall" class="cn.zlb.entity.TPictures" fetch="select" unique="true">
            <column name="fk_picture_small" length="32" />
        </many-to-one>
        <property name="gooName" type="java.lang.String">
            <column name="goo_name" length="30" not-null="true" />
        </property>
        <property name="gooPrice" type="java.lang.String">
            <column name="goo_price" length="30" not-null="true" />
        </property>
        <property name="gooSales" type="java.lang.String">
        	<column name="goo_sales" length="32" ></column>
        </property>
        <property name="gooCurrprice" type="java.lang.String">
            <column name="goo_currprice" length="30" not-null="true" />
        </property>
        <property name="gooExtend01" type="java.lang.String">
            <column name="goo_extend01" length="20" />
        </property>
        <property name="gooExtend02" type="java.lang.String">
            <column name="goo_extend02" length="20" />
        </property>
        <property name="gooExtend03" type="java.lang.String">
            <column name="goo_extend03" length="20" />
        </property>
        <set name="TCarts" inverse="true">
            <key>
                <column name="fk_goods" length="32" />
            </key>
            <one-to-many class="cn.zlb.entity.TCart" />
        </set>
        <set name="TItemorders" inverse="true">
            <key>
                <column name="fk_goods" length="32" />
            </key>
            <one-to-many class="cn.zlb.entity.TItemorder" />
        </set>
    </class>
</hibernate-mapping>
