<?xml version="1.0" encoding="utf-8"?>
<!DOCTYPE hibernate-mapping PUBLIC "-//Hibernate/Hibernate Mapping DTD 3.0//EN"
"http://www.hibernate.org/dtd/hibernate-mapping-3.0.dtd">
<!-- 
    Mapping file autogenerated by MyEclipse Persistence Tools
-->
<hibernate-mapping>
    <class name="cn.zlb.entity.TItemorder" table="t_itemorder" catalog="dftsms" lazy="false">
        <id name="pkIteId" type="java.lang.String">
            <column name="pk_ite_id" length="32" />
           <!--  <generator class="uuid.string" /> -->
        </id>
        <many-to-one name="TGoods" class="cn.zlb.entity.TGoods" fetch="select">
            <column name="fk_goods" length="32" />
        </many-to-one>
        <many-to-one name="TOrder" class="cn.zlb.entity.TOrder" fetch="select">
            <column name="fk_order" length="32" />
        </many-to-one>
        <property name="iteQuantity" type="java.lang.Integer">
            <column name="ite_quantity" />
        </property>
        <property name="iteSubtotal" type="java.lang.String">
            <column name="ite_subtotal" length="30" />
        </property>
        <property name="gooCurrprice" type="java.lang.String">
            <column name="goo_currprice" length="30" />
        </property>
        <property name="gooImageL" type="java.lang.String">
            <column name="goo_image_l" length="100" />
        </property>
    </class>
</hibernate-mapping>
