<?xml version="1.0" encoding="utf-8"?>
<!DOCTYPE hibernate-mapping PUBLIC "-//Hibernate/Hibernate Mapping DTD 3.0//EN"
"http://www.hibernate.org/dtd/hibernate-mapping-3.0.dtd">
<!-- 
    Mapping file autogenerated by MyEclipse Persistence Tools
-->
<hibernate-mapping>
    <class name="cn.zlb.entity.TLogininfo" table="t_logininfo" catalog="dftsms" lazy="false">
        <composite-id name="id" class="cn.zlb.entity.TLogininfoId">
            <key-property name="cusId" type="java.lang.String">
                <column name="cus_id" length="32" />
            </key-property>
            <key-property name="cusIp" type="java.lang.String">
                <column name="cus_ip" length="15" />
            </key-property>
            <key-property name="cusDevice" type="java.lang.Boolean">
                <column name="cus_device" />
            </key-property>
            <key-property name="cusTime" type="java.sql.Timestamp">
                <column name="cus_time" length="19" />
            </key-property>
        </composite-id>
        <many-to-one name="TCustomer" class="cn.zlb.entity.TCustomer" update="false" insert="false" fetch="select">
            <column name="cus_id" length="32" />
        </many-to-one>
    </class>
</hibernate-mapping>
