<?xml version="1.0" encoding="utf-8"?>
<!DOCTYPE hibernate-mapping PUBLIC "-//Hibernate/Hibernate Mapping DTD 3.0//EN"
"http://www.hibernate.org/dtd/hibernate-mapping-3.0.dtd">
<!-- 
    Mapping file autogenerated by MyEclipse Persistence Tools
-->
<hibernate-mapping>
    <class name="cn.zlb.entity.TOrder" table="t_order" catalog="dftsms" lazy="false">
        <id name="pkOrdId" type="java.lang.String">
            <column name="pk_ord_id" length="32" />
           <!--  <generator class="uuid.string" /> -->
        </id>
        <many-to-one name="TCustomer" class="cn.zlb.entity.TCustomer" fetch="select">
            <column name="fk_customer" length="32" />
        </many-to-one>
        <many-to-one name="TStore" class="cn.zlb.entity.TStore" fetch="select">
            <column name="fk_store" length="32" />
        </many-to-one>
        <property name="ordTime" type="java.sql.Timestamp">
            <column name="ord_time" length="19" />
        </property>
        <property name="ordTotal" type="java.lang.String">
            <column name="ord_total" length="20"/>
        </property>
        <property name="ordStatus" type="java.lang.Byte">
            <column name="ord_status" length="1"/>
        </property>
        <property name="ordAddress" type="java.lang.String">
            <column name="ord_address" length="30" />
        </property>
        <set name="TItemorders" inverse="true" cascade="all">
            <key>
                <column name="fk_order" length="32" />
            </key>
            <one-to-many class="cn.zlb.entity.TItemorder" />
        </set>
    </class>
</hibernate-mapping>
