<?xml version="1.0" encoding="utf-8"?>
<!DOCTYPE hibernate-mapping PUBLIC "-//Hibernate/Hibernate Mapping DTD 3.0//EN"
"http://www.hibernate.org/dtd/hibernate-mapping-3.0.dtd">
<!-- 
    Mapping file autogenerated by MyEclipse Persistence Tools
-->
<hibernate-mapping>
    <class name="cn.zlb.entity.TPictures" table="t_pictures" catalog="dftsms" lazy="false">
        <id name="pkPicId" type="java.lang.String">
            <column name="pk_pic_id" length="32" />
           <!--  <generator class="uuid.string" /> -->
        </id>
        <property name="picUrl" type="java.lang.String">
            <column name="pic_url" length="100" not-null="true" />
        </property>
        <property name="picDes" type="java.lang.String">
            <column name="pic_des" length="20" />
        </property>
        <property name="picAttr" type="java.lang.String">
            <column name="pic_attr" length="1" />
        </property>
        
         <!-- 店铺图片一对一 -->
      	<one-to-one  name="TStores" class="cn.zlb.entity.TStore"  property-ref="TPictures"/>
       
     	<!-- 用户一对一 -->
     	<one-to-one name="TCustomers"  class="cn.zlb.entity.TCustomer" property-ref="TPictures"></one-to-one>
        <!-- 商家图片 一对一 -->
        <!-- <one-to-one name="TBusinesses" class="cn.zlb.entity.TBusiness" property-ref="TPictures"></one-to-one> -->
        
         
    </class>
</hibernate-mapping>
