<?xml version="1.0" encoding="utf-8"?>
<!DOCTYPE hibernate-mapping PUBLIC "-//Hibernate/Hibernate Mapping DTD 3.0//EN"
"http://www.hibernate.org/dtd/hibernate-mapping-3.0.dtd">
<!-- 
    Mapping file autogenerated by MyEclipse Persistence Tools
-->
<hibernate-mapping>
    <class name="cn.zlb.entity.TPower" table="t_power" catalog="dftsms" lazy="false">
        <id name="pkPowId" type="java.lang.String">
            <column name="pk_pow_id" length="16" />
           <!--  <generator class="uuid.string" /> -->
        </id>
        <property name="powDescribe" type="java.lang.String">
            <column name="pow_describe" length="50" not-null="true" />
        </property>
        <set name="TRoles" inverse="true" table="t_role_power" catalog="dftsms">
            <key>
                <column name="fk_power" length="16" />
            </key>
            <many-to-many entity-name="cn.zlb.entity.TRole">
                <column name="fk_role" length="16" />
            </many-to-many>
        </set>
    </class>
</hibernate-mapping>
