<?xml version="1.0" encoding="utf-8"?>
<!DOCTYPE hibernate-mapping PUBLIC "-//Hibernate/Hibernate Mapping DTD 3.0//EN"
"http://www.hibernate.org/dtd/hibernate-mapping-3.0.dtd">
<!-- 
    Mapping file autogenerated by MyEclipse Persistence Tools
-->
<hibernate-mapping>
    <class name="cn.zlb.entity.TRole" table="t_role" catalog="dftsms" lazy="false">
        <id name="pkRoleId" type="java.lang.String">
            <column name="pk_role_id" length="16" />
            <!-- <generator class="uuid.string" /> -->
        </id>
        <property name="rolDescribe" type="java.lang.String">
            <column name="rol_describe" length="10" not-null="true" />
        </property>
        <set name="TPowers" table="t_role_power" catalog="dftsms">
            <key>
                <column name="fk_role" length="16" />
            </key>
            <many-to-many entity-name="cn.zlb.entity.TPower">
                <column name="fk_power" length="16" />
            </many-to-many>
        </set>
        <set name="TCustomers" table="t_customer_role" catalog="dftsms">
            <key>
                <column name="fk_role" length="16" />
            </key>
            <many-to-many entity-name="cn.zlb.entity.TCustomer">
                <column name="fk_customer" length="16" />
            </many-to-many>
        </set>
    </class>
</hibernate-mapping>
