<?xml version="1.0" encoding="utf-8"?>
<!DOCTYPE hibernate-mapping PUBLIC "-//Hibernate/Hibernate Mapping DTD 3.0//EN"
"http://www.hibernate.org/dtd/hibernate-mapping-3.0.dtd">
<!-- 
    Mapping file autogenerated by MyEclipse Persistence Tools
-->
<hibernate-mapping>
    <class name="cn.zlb.entity.TStore" table="t_store" catalog="dftsms" lazy="false">
        <id name="fkStoId" type="java.lang.String">
        		<column name="fk_sto_id" length="32"></column>
    			<generator class="foreign">
    				<param name="property">TBusiness</param>
    			</generator>      
	
        </id>
        <!-- 一对一  -->
        <one-to-one name="TBusiness" class="cn.zlb.entity.TBusiness" constrained="true"  lazy="proxy" fetch="select"></one-to-one>
        
        
        <many-to-one name="TPictures" class="cn.zlb.entity.TPictures" fetch="join" unique="true">
            <column name="fk_picture" length="32" />
        </many-to-one>
        <many-to-one name="TAddress" class="cn.zlb.entity.TAddress" fetch="select" unique="true">
        	<column name="fk_address" length="32"></column>
        </many-to-one>
        
        <many-to-one name="TGood" class="cn.zlb.entity.TGoods" fetch="join" unique="true">
        	<column name="fk_goods" length="32"></column>
        </many-to-one>
        
        <property name="stoName" type="java.lang.String">
            <column name="sto_name" length="30" not-null="true" />
        </property>
        <property name="stoStatus" type="java.lang.Boolean">
            <column name="sto_status" not-null="true" />
        </property>
        <property name="stoScore" type="java.lang.String">
            <column name="sto_score" length="10" not-null="true" />
        </property>
        
        <!--  一对多 多个目录-->
        <set name="TStoreCategories" inverse="true">
            <key>
                <column name="fk_store" length="32" />
            </key>
            <one-to-many class="cn.zlb.entity.TStoreCategory" />
        </set>
      
        <set name="TComments" inverse="true">
            <key>
                <column name="fk_store" length="32" />
            </key>
            <one-to-many class="cn.zlb.entity.TComment" />
        </set>
        <set name="TCheaps" inverse="true">
            <key>
                <column name="fk_store" length="32" />
            </key>
            <one-to-many class="cn.zlb.entity.TCheap" />
        </set>
        <set name="TOrders" inverse="true">
        		<key>
        			<column name="fk_store" length="32"></column>
        		</key>
        		<one-to-many class="cn.zlb.entity.TOrder"/>
        </set>
        
    </class>
</hibernate-mapping>
