<?xml version="1.0" encoding="utf-8"?>
<!DOCTYPE hibernate-mapping PUBLIC "-//Hibernate/Hibernate Mapping DTD 3.0//EN"
"http://www.hibernate.org/dtd/hibernate-mapping-3.0.dtd">
<!-- 
    Mapping file autogenerated by MyEclipse Persistence Tools
-->
<hibernate-mapping>
    <class name="cn.zlb.entity.TStoreCategory" table="t_store_category" catalog="dftsms" lazy="false">
        <id name="pkCatId" type="java.lang.String">
            <column name="pk_cat_id" length="32" />
            <!-- <generator class="uuid.string" /> -->
        </id>
        <many-to-one name="TStore" class="cn.zlb.entity.TStore" fetch="select">
            <column name="fk_store" length="32" />
        </many-to-one>
        <property name="catName" type="java.lang.String">
            <column name="cat_name" length="10" />
        </property>
        <property name="catPid" type="java.lang.String">
            <column name="cat_pid" length="32" />
        </property>
        <property name="catDesc" type="java.lang.Integer">
            <column name="cat_desc" />
        </property>
        <set name="TGoodses" inverse="true">
            <key>
                <column name="fk_store_category" length="32" />
            </key>
            <one-to-many class="cn.zlb.entity.TGoods" />
        </set>
    </class>
</hibernate-mapping>
